{"cameraMode":{"drawMode":0,"name":"Shaded","section":"Shading Mode"},"sceneLighting":true,"audioPlay":false,"sceneViewState":{"showFog":true,"showMaterialUpdate":false,"showSkybox":true,"showFlares":true,"showImageEffects":true,"showParticleSystems":true},"in2DMode":false,"pivot":{"x":-3.23483943939209,"y":-6.133760929107666,"z":25.870851516723634},"rotation":{"x":-0.18950778245925904,"y":-0.26802051067352297,"z":0.053858451545238498,"w":-0.9430561661720276},"size":15.8450288772583,"orthographic":false}