{"cameraMode":{"drawMode":0,"name":"Shaded","section":"Shading Mode"},"sceneLighting":true,"audioPlay":false,"sceneViewState":{"showFog":true,"showMaterialUpdate":false,"showSkybox":true,"showFlares":true,"showImageEffects":true,"showParticleSystems":true},"in2DMode":false,"pivot":{"x":9.617913246154786,"y":-2.6154634952545168,"z":37.77684783935547},"rotation":{"x":-0.12474928796291352,"y":-0.534421443939209,"z":0.08012007921934128,"w":-0.8321171402931213},"size":6.332188129425049,"orthographic":false}