{"cameraMode":{"drawMode":0,"name":"Shaded","section":"Shading Mode"},"sceneLighting":false,"audioPlay":false,"sceneViewState":{"showFog":true,"showMaterialUpdate":false,"showSkybox":false,"showFlares":true,"showImageEffects":true,"showParticleSystems":true},"in2DMode":false,"pivot":{"x":-3.867528200149536,"y":1.3613488674163819,"z":0.15745186805725099},"rotation":{"x":-0.22042927145957948,"y":-0.5872570872306824,"z":0.17034058272838593,"w":-0.7599614858627319},"size":2.087799310684204,"orthographic":false}