{"cameraMode":{"drawMode":0,"name":"Shaded","section":"Shading Mode"},"sceneLighting":false,"audioPlay":false,"sceneViewState":{"showFog":true,"showMaterialUpdate":false,"showSkybox":false,"showFlares":true,"showImageEffects":true,"showParticleSystems":true},"in2DMode":false,"pivot":{"x":-0.9000000357627869,"y":3.0,"z":0.07999999821186066},"rotation":{"x":-0.21313706040382386,"y":0.015240374021232129,"z":-0.0033219419419765474,"w":-0.9769064784049988},"size":3.183551549911499,"orthographic":false}