{"cameraMode":{"drawMode":0,"name":"Shaded","section":"Shading Mode"},"sceneLighting":false,"audioPlay":false,"sceneViewState":{"showFog":true,"showMaterialUpdate":false,"showSkybox":false,"showFlares":true,"showImageEffects":true,"showParticleSystems":true},"in2DMode":false,"pivot":{"x":2.469968795776367,"y":-1.7693678140640259,"z":30.99185562133789},"rotation":{"x":-0.21313706040382386,"y":0.015240374021232129,"z":-0.0033219419419765474,"w":-0.9769064784049988},"size":0.6053097248077393,"orthographic":false}