{"cameraMode":{"drawMode":0,"name":"Shaded","section":"Shading Mode"},"sceneLighting":false,"audioPlay":false,"sceneViewState":{"showFog":true,"showMaterialUpdate":false,"showSkybox":false,"showFlares":true,"showImageEffects":true,"showParticleSystems":true},"in2DMode":false,"pivot":{"x":3.550200939178467,"y":0.7883816957473755,"z":-0.04486417770385742},"rotation":{"x":-0.21313706040382386,"y":0.015240374021232129,"z":-0.0033219419419765474,"w":-0.9769064784049988},"size":2.0702896118164064,"orthographic":false}