{"cameraMode":{"drawMode":0,"name":"Shaded","section":"Shading Mode"},"sceneLighting":false,"audioPlay":false,"sceneViewState":{"showFog":true,"showMaterialUpdate":false,"showSkybox":false,"showFlares":true,"showImageEffects":true,"showParticleSystems":true},"in2DMode":false,"pivot":{"x":-1.3545496463775635,"y":-2.0442564487457277,"z":0.0652625560760498},"rotation":{"x":-0.21313706040382386,"y":0.015240374021232129,"z":-0.0033219419419765474,"w":-0.9769064784049988},"size":2.0753612518310549,"orthographic":false}