{"cameraMode":{"drawMode":0,"name":"Shaded","section":"Shading Mode"},"sceneLighting":false,"audioPlay":false,"sceneViewState":{"showFog":true,"showMaterialUpdate":false,"showSkybox":false,"showFlares":true,"showImageEffects":true,"showParticleSystems":true},"in2DMode":false,"pivot":{"x":-3.999647617340088,"y":0.72813880443573,"z":0.043202877044677737},"rotation":{"x":-0.21313706040382386,"y":0.015240374021232129,"z":-0.0033219419419765474,"w":-0.9769064784049988},"size":2.087799310684204,"orthographic":false}