{"cameraMode":{"drawMode":0,"name":"Shaded","section":"Shading Mode"},"sceneLighting":true,"audioPlay":false,"sceneViewState":{"showFog":true,"showMaterialUpdate":false,"showSkybox":true,"showFlares":true,"showImageEffects":true,"showParticleSystems":true},"in2DMode":false,"pivot":{"x":300.0909423828125,"y":723.8057861328125,"z":231.1531982421875},"rotation":{"x":-0.03030240535736084,"y":0.014090975746512413,"z":-0.0004218000394757837,"w":-0.999453067779541},"size":867.6195068359375,"orthographic":false}