{"cameraMode":{"drawMode":0,"name":"Shaded","section":"Shading Mode"},"sceneLighting":false,"audioPlay":false,"sceneViewState":{"showFog":true,"showMaterialUpdate":false,"showSkybox":false,"showFlares":true,"showImageEffects":true,"showParticleSystems":true},"in2DMode":false,"pivot":{"x":5.140389442443848,"y":-0.46214759349823,"z":31.554447174072267},"rotation":{"x":-0.1509605050086975,"y":-0.05868498608469963,"z":0.008978051133453846,"w":-0.9867557883262634},"size":2.6898856163024904,"orthographic":false}