{"cameraMode":{"drawMode":0,"name":"Shaded","section":"Shading Mode"},"sceneLighting":false,"audioPlay":false,"sceneViewState":{"showFog":true,"showMaterialUpdate":false,"showSkybox":false,"showFlares":true,"showImageEffects":true,"showParticleSystems":true},"in2DMode":false,"pivot":{"x":-7.364835739135742,"y":-0.4624481201171875,"z":31.459999084472658},"rotation":{"x":-0.23069052398204804,"y":0.013718003407120705,"z":-0.003251556074246764,"w":-0.9729325175285339},"size":4.826112747192383,"orthographic":false}