{"cameraMode":{"drawMode":0,"name":"Shaded","section":"Shading Mode"},"sceneLighting":false,"audioPlay":false,"sceneViewState":{"showFog":true,"showMaterialUpdate":false,"showSkybox":false,"showFlares":true,"showImageEffects":true,"showParticleSystems":true},"in2DMode":false,"pivot":{"x":5.331399917602539,"y":-0.33462387323379519,"z":31.70625114440918},"rotation":{"x":-0.15686628222465516,"y":-0.2697189152240753,"z":0.04458492994308472,"w":-0.94903963804245},"size":1.9525492191314698,"orthographic":false}