{"cameraMode":{"drawMode":0,"name":"Shaded","section":"Shading Mode"},"sceneLighting":false,"audioPlay":false,"sceneViewState":{"showFog":true,"showMaterialUpdate":false,"showSkybox":false,"showFlares":true,"showImageEffects":true,"showParticleSystems":true},"in2DMode":false,"pivot":{"x":455.0,"y":90.00006103515625,"z":-265.0001220703125},"rotation":{"x":0.06163102760910988,"y":0.06731604784727097,"z":-0.004172604996711016,"w":0.9958382844924927},"size":407.0030517578125,"orthographic":false}